{"stats":{"minecraft:mined":{"minecraft:short_grass":1,"minecraft:grass_block":1},"minecraft:custom":{"minecraft:jump":15,"minecraft:time_since_rest":711,"minecraft:leave_game":1,"minecraft:crouch_one_cm":55,"minecraft:sprint_one_cm":139,"minecraft:play_time":711,"minecraft:time_since_death":711,"minecraft:walk_one_cm":1633,"minecraft:climb_one_cm":745,"minecraft:sneak_time":18,"minecraft:total_world_time":711,"minecraft:fly_one_cm":195},"minecraft:used":{"minecraft:dirt":1},"minecraft:picked_up":{"minecraft:dirt":1}},"DataVersion":3955}